Produto,Preco,Link
Salgadinho de Batata Pringles original 114 g,"10,64",https://www.mercadolivre.com.br/salgadinho-de-batata-pringles-original-114-g/p/MLB17849735?pdp_filters=shipping:fulfillment#searchVariation=MLB17849735&position=1&search_layout=stack&type=product&tracking_id=a41f59e3-3980-45a6-aebc-04b1316c4336
Batata Frita Ondulada Elma Chips Ruffles original sem glúten 76 g,"5,99",https://www.mercadolivre.com.br/batata-frita-ondulada-elma-chips-ruffles-original-sem-gluten-76-g/p/MLB17849651?pdp_filters=shipping:fulfillment#searchVariation=MLB17849651&position=2&search_layout=stack&type=product&tracking_id=a41f59e3-3980-45a6-aebc-04b1316c4336
Web Mercadinho Loja Oficial,"3,20",https://loja.mercadolivre.com.br/web-mercadinho
Cortador Legumes E Batata Cabrita Reforçado C/ 3 Brindes ,"97,90",https://produto.mercadolivre.com.br/MLB-1632217133-cortador-legumes-e-batata-cabrita-reforcado-c-3-brindes-_JM#position=32&search_layout=stack&type=item&tracking_id=a41f59e3-3980-45a6-aebc-04b1316c4336
Salgadinho de Batata Pringles queijo 120 g,"10,95",https://www.mercadolivre.com.br/salgadinho-de-batata-pringles-queijo-120-g/p/MLB17850101?pdp_filters=shipping:fulfillment#searchVariation=MLB17850101&position=3&search_layout=stack&type=product&tracking_id=a41f59e3-3980-45a6-aebc-04b1316c4336
Batata Frita Ondulada Elma Chips Ruffles churrasco sem glúten 76 g,"5,99",https://www.mercadolivre.com.br/batata-frita-ondulada-elma-chips-ruffles-churrasco-sem-gluten-76-g/p/MLB17849896?pdp_filters=shipping:fulfillment#searchVariation=MLB17849896&position=4&search_layout=stack&type=product&tracking_id=a41f59e3-3980-45a6-aebc-04b1316c4336
Web Mercadinho Loja Oficial,"3,20",https://loja.mercadolivre.com.br/web-mercadinho
Batata Frita Ondulada Elma Chips Ruffles cebola e salsa sem glúten 167 g,"11,49",https://www.mercadolivre.com.br/batata-frita-ondulada-elma-chips-ruffles-cebola-e-salsa-sem-gluten-167-g/p/MLB17850051?pdp_filters=shipping:fulfillment#searchVariation=MLB17850051&position=5&search_layout=stack&type=product&tracking_id=a41f59e3-3980-45a6-aebc-04b1316c4336
Web Mercadinho Loja Oficial,"3,20",https://loja.mercadolivre.com.br/web-mercadinho
Batata Frita Ondulada Elma Chips Ruffles cebola e salsa sem glúten 57 g,"4,49",https://www.mercadolivre.com.br/batata-frita-ondulada-elma-chips-ruffles-cebola-e-salsa-sem-gluten-57-g/p/MLB17849498?pdp_filters=shipping:fulfillment#searchVariation=MLB17849498&position=6&search_layout=stack&type=product&tracking_id=a41f59e3-3980-45a6-aebc-04b1316c4336
